{
    "ec": 0.006411900487304437,
    "cc": 0.0036476589438887465,
    "co": 0.013906699723575845,
    "oi": 0.004873044370351372,
    "il": 0.008805676669231427,
    "lp": 0.0007409307229774016,
    "pr": 0.004588071015360064,
    "ri": 0.013963694394574106,
    "im": 0.003733150950386139,
    "mo": 0.008321221965746202,
    "of": 0.0011968880909634949,
    "fr": 0.0011113960844661025,
    "ra": 0.012852298310108005,
    "am": 0.006896355190789661,
    "mm": 0.0011113960844661025,
    "me": 0.006440397822803568,
    "en": 0.013849705052577583,
    "nt": 0.013507737026588014,
    "to": 0.009005158017725343,
    "in": 0.011142458180160155,
    "ns": 0.003334188253398307,
    "st": 0.006611381835798353,
    "ti": 0.005699467099826166,
    "le": 0.010002564760194921,
    "el": 0.014533641104556724,
    "et": 0.003875637627881793,
    "tt": 0.004844547034852241,
    "te": 0.009432618050212305,
    "er": 0.017725342680459378,
    "ar": 0.014448149098059332,
    "io": 0.00686785785529053,
    "lv": 0.0005699467099826166,
    "ve": 0.005414493744834858,
    "os": 0.012082870251631472,
    "so": 0.007523296571770539,
    "ff": 0.0008264227294747941,
    "fi": 0.001681342794448719,
    "ia": 0.015616539853523695,
    "av": 0.01060100880567667,
    "va": 0.010487019463680147,
    "al": 0.010202046108688837,
    "eg": 0.002365278846427859,
    "gg": 0.0022512895044313357,
    "ge": 0.0012538827619617565,
    "ro": 0.008577697985238381,
    "su": 0.0046450656863583255,
    "ul": 0.0009689094069704482,
    "ll": 0.009290131372716651,
    "ed": 0.005329001738337466,
    "de": 0.007352312558775755,
    "la": 0.012567324955116697,
    "ap": 0.004559573679860933,
    "pi": 0.00413211364737397,
    "ic": 0.0072098258812801005,
    "ol": 0.010771992818671455,
    "ai": 0.0032771935824000456,
    "is": 0.009090650024222735,
    "po": 0.005129520389843549,
    "or": 0.010914479496167109,
    "rt": 0.0029067282209113447,
    "ta": 0.009204639366219259,
    "an": 0.013821207717078452,
    "nd": 0.007608788578267932,
    "do": 0.007466301900772278,
    "oc": 0.006582884500299222,
    "on": 0.015901513208515003,
    "si": 0.00997406742469579,
    "fu": 0.0009689094069704482,
    "um": 0.0009119147359721866,
    "od": 0.005955943119318343,
    "lm": 0.001852326807443504,
    "ma": 0.007608788578267932,
    "re": 0.015388561169530648,
    "ee": 0.0027642415434156907,
    "ep": 0.0039326322988800545,
    "es": 0.014448149098059332,
    "se": 0.012567324955116697,
    "at": 0.006924852526288792,
    "ch": 0.00891966601122795,
    "he": 0.006440397822803568,
    "eo": 0.001510358781453934,
    "ii": 0.0014248667749565415,
    "nf": 0.00068393605197914,
    "ng": 0.0010828987489669717,
    "ev": 0.003704653614887008,
    "no": 0.011854891567638425,
    "lc": 0.0020518081559374197,
    "ce": 0.004388589666866148,
    "em": 0.00652588982930096,
    "tr": 0.005813456441822689,
    "og": 0.0045025790088626715,
    "gl": 0.002023310820438289,
    "li": 0.005101023054344418,
    "sc": 0.005129520389843549,
    "om": 0.00755179390726967,
    "eu": 0.0011113960844661025,
    "un": 0.00854920064973925,
    "na": 0.007665783249266193,
    "lo": 0.006126927132313129,
    "di": 0.010202046108688837,
    "aa": 0.003334188253398307,
    "ca": 0.004303097660368756,
    "ac": 0.008720184662734035,
    "ne": 0.004531076344361802,
    "ss": 0.006098429796813998,
    "rd": 0.0019663161494400273,
    "da": 0.0049300390413496336,
    "iù": 0.0012823800974608873,
    "ùs": 0.00014248667749565416,
    "du": 0.00039896269698783165,
    "ut": 0.0017098401299478498,
    "as": 0.01094297683166624,
    "iv": 0.0035051722663930925,
    "nl": 0.0008549200649739249,
    "sg": 0.0003134706904904391,
    "gu": 0.001681342794448719,
    "ua": 0.004246102989370494,
    "op": 0.003961129634379185,
    "pe": 0.0060699324613148675,
    "rs": 0.002222792168932205,
    "oa": 0.003362685588897438,
    "iz": 0.0008264227294747941,
    "zz": 0.001852326807443504,
    "zo": 0.0004559573679860933,
    "ao": 0.0011968880909634949,
    "rv": 0.0007694280584765325,
    "ov": 0.0034481775953948304,
    "vi": 0.0047875523638539795,
    "rp": 0.0002849733549913083,
    "tu": 0.0037901456213844005,
    "uo": 0.006126927132313129,
    "cq": 0.00068393605197914,
    "qu": 0.00547148841583312,
    "ag": 0.003590664272890485,
    "gi": 0.0035336696018922233,
    "ie": 0.006981847197287053,
    "ls": 0.0023082841754295974,
    "nz": 0.0016243481234504574,
    "zi": 0.0021373001624348125,
    "lt": 0.0029352255564104755,
    "ci": 0.006725371177794876,
    "ad": 0.0054999857513322505,
    "sf": 0.0003704653614887008,
    "ur": 0.0038186429568835313,
    "ea": 0.0037616482858852697,
    "nc": 0.0025647601949217746,
    "ni": 0.005243509731840073,
    "sa": 0.004246102989370494,
    "vo": 0.002479268188424382,
    "eb": 0.0009689094069704482,
    "br": 0.0018238294719443732,
    "af": 0.0019378188139408965,
    "lg": 0.00039896269698783165,
    "rn": 0.0008834174004730558,
    "nu": 0.0034196802598956996,
    "nq": 0.0011113960844661025,
    "dr": 5.6994670998261664e-05,
    "ip": 0.003220198911401784,
    "id": 0.002992220227408737,
    "ou": 0.00136787210395828,
    "nv": 0.0005699467099826166,
    "hi": 0.002479268188424382,
    "ib": 0.0011113960844661025,
    "cu": 0.0016243481234504574,
    "ui": 0.001681342794448719,
    "bo": 0.00025647601949217746,
    "mp": 0.00307771223390613,
    "rc": 0.001510358781453934,
    "ab": 0.0017383374654469806,
    "bb": 0.0012538827619617565,
    "ba": 0.0008549200649739249,
    "it": 0.0037901456213844005,
    "ae": 0.002707246872417429,
    "ùl": 0.00011398934199652333,
    "oo": 0.0008834174004730558,
    "gn": 0.004103616311874839,
    "pa": 0.004246102989370494,
    "au": 0.002336781510928728,
    "us": 0.0008834174004730558,
    "cr": 0.0010828987489669717,
    "pp": 0.0009404120714713174,
    "rl": 0.0009119147359721866,
    "ei": 0.004759055028354849,
    "eq": 0.001168390755464364,
    "ue": 0.003704653614887008,
    "ef": 0.0012823800974608873,
    "fo": 0.0016243481234504574,
    "rg": 0.0003704653614887008,
    "ir": 0.003049214898406999,
    "nr": 0.0005129520389843549,
    "if": 0.0018808241429426348,
    "ug": 0.00019948134849391582,
    "lu": 0.004531076344361802,
    "go": 0.0010544014134678409,
    "oh": 0.00034196802598957,
    "ha": 0.0007979253939756633,
    "ot": 0.002479268188424382,
    "aq": 0.0009119147359721866,
    "be": 0.0021657974979339433,
    "ez": 0.001510358781453934,
    "za": 0.0025647601949217746,
    "oe": 0.002336781510928728,
    "oq": 0.0005699467099826166,
    "sp": 0.003362685588897438,
    "mb": 0.0016528454589495882,
    "bi": 0.0019093214784417657,
    "az": 0.0010828987489669717,
    "tà": 0.0011968880909634949,
    "às": 8.54920064973925e-05,
    "ze": 0.00034196802598957,
    "nm": 0.0007124333874782708,
    "là": 0.00014248667749565416,
    "àf": 8.54920064973925e-05,
    "np": 0.0011398934199652333,
    "ig": 0.0018238294719443732,
    "lr": 0.00042746003248696245,
    "lz": 0.00039896269698783165,
    "zò": 0.0002849733549913083,
    "òl": 0.0004559573679860933,
    "dò": 0.00011398934199652333,
    "òa": 0.0006269413809808782,
    "mi": 0.0026217548659200366,
    "nò": 0.0005129520389843549,
    "òv": 0.000170984012994785,
    "fa": 0.0015673534524521958,
    "ià": 8.54920064973925e-05,
    "pl": 0.0005414493744834858,
    "ru": 0.0008834174004730558,
    "rm": 0.001168390755464364,
    "iu": 0.0011113960844661025,
    "rò": 0.0005129520389843549,
    "òs": 0.00022797868399304666,
    "uc": 0.00068393605197914,
    "àd": 0.00034196802598957,
    "pu": 0.0004559573679860933,
    "vv": 0.0018238294719443732,
    "rì": 0.00014248667749565416,
    "ìi": 0.000170984012994785,
    "ga": 0.0003134706904904391,
    "lf": 0.00022797868399304666,
    "ùp": 8.54920064973925e-05,
    "ld": 0.0002849733549913083,
    "iò": 0.0007124333874782708,
    "òc": 0.0006269413809808782,
    "iq": 0.0005129520389843549,
    "bl": 0.000170984012994785,